NAME;GeoTIFF_URL;LiDAR_URL;Geom;geo_point_2d
4830E_54540N;https://webtransfer.vancouver.ca/opendata/2013GeoTIFF/4830E_54540N.zip;https://webtransfer.vancouver.ca/opendata/2013LiDAR/COV_4830E_54540N.zip;"{""coordinates"": [[[-123.233540385675, 49.238540629924], [-123.233582808806, 49.2475357590952], [-123.219842666468, 49.2475627222743], [-123.21980273876, 49.2385675846008], [-123.233540385675, 49.238540629924]]], ""type"": ""Polygon""}";49.2430518101, -123.22669215
4840E_54530N;https://webtransfer.vancouver.ca/opendata/2013GeoTIFF/4840E_54530N.zip;https://webtransfer.vancouver.ca/opendata/2013LiDAR/COV_4840E_54530N.zip;"{""coordinates"": [[[-123.219762830554, 49.22957234289], [-123.21980273876, 49.2385675846008], [-123.206065185223, 49.238592905478], [-123.206027771214, 49.229597655783], [-123.219762830554, 49.22957234289]]], ""type"": ""Polygon""}";49.2340827583, -123.212914632
4840E_54560N;https://webtransfer.vancouver.ca/opendata/2013GeoTIFF/4840E_54560N.zip;https://webtransfer.vancouver.ca/opendata/2013LiDAR/COV_4840E_54560N.zip;"{""coordinates"": [[[-123.21988261409, 49.2565578458446], [-123.219922582038, 49.2655530452456], [-123.206177538493, 49.2655783900922], [-123.206140068476, 49.2565831826985], [-123.21988261409, 49.2565578458446]]], ""type"": ""Polygon""}";49.2610682522, -123.213030701
4850E_54530N;https://webtransfer.vancouver.ca/opendata/2013GeoTIFF/4850E_54530N.zip;https://webtransfer.vancouver.ca/opendata/2013LiDAR/COV_4850E_54530N.zip;"{""coordinates"": [[[-123.206027771214, 49.229597655783], [-123.206065185223, 49.238592905478], [-123.192327613029, 49.2386165927789], [-123.192292693229, 49.2296213356149], [-123.206027771214, 49.229597655783]]], ""type"": ""Polygon""}";49.2341072585, -123.199178316
4850E_54560N;https://webtransfer.vancouver.ca/opendata/2013GeoTIFF/4850E_54560N.zip;https://webtransfer.vancouver.ca/opendata/2013LiDAR/COV_4850E_54560N.zip;"{""coordinates"": [[[-123.206140068476, 49.2565831826985], [-123.206177538493, 49.2655783900922], [-123.192432476256, 49.2656020998163], [-123.192397504182, 49.2566068849455], [-123.206140068476, 49.2565831826985]]], ""type"": ""Polygon""}";49.2610927756, -123.199286897
4860E_54520N;https://webtransfer.vancouver.ca/opendata/2013GeoTIFF/4860E_54520N.zip;https://webtransfer.vancouver.ca/opendata/2013LiDAR/COV_4860E_54520N.zip;"{""coordinates"": [[[-123.19225779118, 49.2206261542857], [-123.192292693229, 49.2296213356149], [-123.178557597842, 49.2296433823805], [-123.178525188745, 49.2206481940999], [-123.19225779118, 49.2206261542857]]], ""type"": ""Polygon""}";49.2251349027, -123.185408318
4870E_54560N;https://webtransfer.vancouver.ca/opendata/2013GeoTIFF/4870E_54560N.zip;https://webtransfer.vancouver.ca/opendata/2013LiDAR/COV_4870E_54560N.zip;"{""coordinates"": [[[-123.178654922452, 49.2566289525802], [-123.178687396572, 49.2656241744125], [-123.164942300687, 49.265644613876], [-123.164912324531, 49.2566493855979], [-123.178654922452, 49.2566289525802]]], ""type"": ""Polygon""}";49.2611369179, -123.171799236
4880E_54520N;https://webtransfer.vancouver.ca/opendata/2013GeoTIFF/4880E_54520N.zip;https://webtransfer.vancouver.ca/opendata/2013LiDAR/COV_4880E_54520N.zip;"{""coordinates"": [[[-123.164792570162, 49.2206686013577], [-123.164822486295, 49.2296637960748], [-123.151087246575, 49.2296825768415], [-123.151059823434, 49.2206873762028], [-123.164792570162, 49.2206686013577]]], ""type"": ""Polygon""}";49.2251757237, -123.157940532
4880E_54580N;https://webtransfer.vancouver.ca/opendata/2013GeoTIFF/4880E_54580N.zip;https://webtransfer.vancouver.ca/opendata/2013LiDAR/COV_4880E_54580N.zip;"{""coordinates"": [[[-123.164972291497, 49.2746397381294], [-123.165002297272, 49.2836348482921], [-123.151252073413, 49.2836536646335], [-123.151224568101, 49.2746585485363], [-123.164972291497, 49.2746397381294]]], ""type"": ""Polygon""}";49.2791468362, -123.158112808
4880E_54620N;https://webtransfer.vancouver.ca/opendata/2013GeoTIFF/4880E_54620N.zip;https://webtransfer.vancouver.ca/opendata/2013LiDAR/COV_4880E_54620N.zip;"{""coordinates"": [[[-123.165092404777, 49.310620184176], [-123.165122470806, 49.3196153279154], [-123.15136223256, 49.3196341680162], [-123.151334672015, 49.3106390183337], [-123.165092404777, 49.310620184176]]], ""type"": ""Polygon""}";49.3151273111, -123.158227945
4890E_54510N;https://webtransfer.vancouver.ca/opendata/2013GeoTIFF/4890E_54510N.zip;https://webtransfer.vancouver.ca/opendata/2013LiDAR/COV_4890E_54510N.zip;"{""coordinates"": [[[-123.151032413958, 49.2116921614716], [-123.151059823434, 49.2206873762028], [-123.137327176279, 49.2207045183214], [-123.137302258542, 49.2117092981855], [-123.151032413958, 49.2116921614716]]], ""type"": ""Polygon""}";49.2161984746, -123.144180418
4840E_54580N;https://webtransfer.vancouver.ca/opendata/2013GeoTIFF/4840E_54580N.zip;https://webtransfer.vancouver.ca/opendata/2013LiDAR/COV_4840E_54580N.zip;"{""coordinates"": [[[-123.219962569525, 49.2745481406116], [-123.220002576964, 49.2835432218765], [-123.206252533869, 49.2835685827172], [-123.206215026828, 49.2745734934538], [-123.219962569525, 49.2745481406116]]], ""type"": ""Polygon""}";49.279058496, -123.213108177
4850E_54580N;https://webtransfer.vancouver.ca/opendata/2013GeoTIFF/4850E_54580N.zip;https://webtransfer.vancouver.ca/opendata/2013LiDAR/COV_4850E_54580N.zip;"{""coordinates"": [[[-123.206215026828, 49.2745734934538], [-123.206252533869, 49.2835685827172], [-123.192502472057, 49.2835923074035], [-123.192467465427, 49.2745972106577], [-123.206215026828, 49.2745734934538]]], ""type"": ""Polygon""}";49.2790830349, -123.199359375
4870E_54520N;https://webtransfer.vancouver.ca/opendata/2013GeoTIFF/4870E_54520N.zip;https://webtransfer.vancouver.ca/opendata/2013LiDAR/COV_4870E_54520N.zip;"{""coordinates"": [[[-123.178525188745, 49.2206481940999], [-123.178557597842, 49.2296433823805], [-123.164822486295, 49.2296637960748], [-123.164792570162, 49.2206686013577], [-123.178525188745, 49.2206481940999]]], ""type"": ""Polygon""}";49.2251561295, -123.171674461
4870E_54530N;https://webtransfer.vancouver.ca/opendata/2013GeoTIFF/4870E_54530N.zip;https://webtransfer.vancouver.ca/opendata/2013LiDAR/COV_4870E_54530N.zip;"{""coordinates"": [[[-123.178557597842, 49.2296433823805], [-123.178590023421, 49.2386386464984], [-123.164852417644, 49.2386590666315], [-123.164822486295, 49.2296637960748], [-123.178557597842, 49.2296433823805]]], ""type"": ""Polygon""}";49.234151359, -123.171705631
4870E_54580N;https://webtransfer.vancouver.ca/opendata/2013GeoTIFF/4870E_54580N.zip;https://webtransfer.vancouver.ca/opendata/2013LiDAR/COV_4870E_54580N.zip;"{""coordinates"": [[[-123.178719886568, 49.2746192922178], [-123.178752392775, 49.2836143959301], [-123.165002297272, 49.2836348482921], [-123.164972291497, 49.2746397381294], [-123.178719886568, 49.2746192922178]]], ""type"": ""Polygon""}";49.279127205, -123.171861717
4890E_54550N;https://webtransfer.vancouver.ca/opendata/2013GeoTIFF/4890E_54550N.zip;https://webtransfer.vancouver.ca/opendata/2013LiDAR/COV_4890E_54550N.zip;"{""coordinates"": [[[-123.151142134159, 49.2476730257774], [-123.151169598346, 49.2566681841423], [-123.137426971781, 49.2566853478992], [-123.137402004306, 49.2476901841218], [-123.151142134159, 49.2476730257774]]], ""type"": ""Polygon""}";49.2521793217, -123.144285177
4890E_54560N;https://webtransfer.vancouver.ca/opendata/2013GeoTIFF/4890E_54560N.zip;https://webtransfer.vancouver.ca/opendata/2013LiDAR/COV_4890E_54560N.zip;"{""coordinates"": [[[-123.151169598346, 49.2566681841423], [-123.151197076507, 49.2656634183506], [-123.137451951959, 49.2656805875221], [-123.137426971781, 49.2566853478992], [-123.151169598346, 49.2566681841423]]], ""type"": ""Polygon""}";49.2611745207, -123.1443114
4890E_54580N;https://webtransfer.vancouver.ca/opendata/2013GeoTIFF/4890E_54580N.zip;https://webtransfer.vancouver.ca/opendata/2013LiDAR/COV_4890E_54580N.zip;"{""coordinates"": [[[-123.151224568101, 49.2746585485363], [-123.151252073413, 49.2836536646335], [-123.13750194921, 49.2836708446397], [-123.137476944349, 49.2746757231241], [-123.151224568101, 49.2746585485363]]], ""type"": ""Polygon""}";49.2791648316, -123.144363884
4900E_54510N;https://webtransfer.vancouver.ca/opendata/2013GeoTIFF/4900E_54510N.zip;https://webtransfer.vancouver.ca/opendata/2013LiDAR/COV_4900E_54510N.zip;"{""coordinates"": [[[-123.137302258542, 49.2117092981855], [-123.137327176279, 49.2207045183214], [-123.123594516702, 49.2207200278713], [-123.123572090712, 49.2117248028454], [-123.137302258542, 49.2117092981855]]], ""type"": ""Polygon""}";49.2162147978, -123.130449011
4900E_54550N;https://webtransfer.vancouver.ca/opendata/2013GeoTIFF/4900E_54550N.zip;https://webtransfer.vancouver.ca/opendata/2013LiDAR/COV_4900E_54550N.zip;"{""coordinates"": [[[-123.137402004306, 49.2476901841218], [-123.137426971781, 49.2566853478992], [-123.123684332761, 49.2567008770266], [-123.123661862007, 49.2477057083522], [-123.137402004306, 49.2476901841218]]], ""type"": ""Polygon""}";49.2521956655, -123.130543793
4910E_54490N;https://webtransfer.vancouver.ca/opendata/2013GeoTIFF/4910E_54490N.zip;https://webtransfer.vancouver.ca/opendata/2013LiDAR/COV_4910E_54490N.zip;"{""coordinates"": [[[-123.123527272018, 49.1937342205897], [-123.12354967567, 49.2027294737955], [-123.109821987205, 49.2027433420242], [-123.109802072825, 49.1937480844464], [-123.123527272018, 49.1937342205897]]], ""type"": ""Polygon""}";49.1982389162, -123.116675252
4910E_54530N;https://webtransfer.vancouver.ca/opendata/2013GeoTIFF/4910E_54530N.zip;https://webtransfer.vancouver.ca/opendata/2013LiDAR/COV_4910E_54530N.zip;"{""coordinates"": [[[-123.123616953873, 49.2297152388083], [-123.123639402455, 49.238710525591], [-123.109901744438, 49.2387244113239], [-123.10988179012, 49.2297291201627], [-123.123616953873, 49.2297152388083]]], ""type"": ""Polygon""}";49.2342199601, -123.116759973
4910E_54540N;https://webtransfer.vancouver.ca/opendata/2013GeoTIFF/4910E_54540N.zip;https://webtransfer.vancouver.ca/opendata/2013LiDAR/COV_4910E_54540N.zip;"{""coordinates"": [[[-123.123639402455, 49.238710525591], [-123.123661862007, 49.2477057083522], [-123.109921708507, 49.2477195984651], [-123.109901744438, 49.2387244113239], [-123.123639402455, 49.238710525591]]], ""type"": ""Polygon""}";49.2432151971, -123.116781179
4910E_54550N;https://webtransfer.vancouver.ca/opendata/2013GeoTIFF/4910E_54550N.zip;https://webtransfer.vancouver.ca/opendata/2013LiDAR/COV_4910E_54550N.zip;"{""coordinates"": [[[-123.123661862007, 49.2477057083522], [-123.123684332761, 49.2567008770266], [-123.109941682533, 49.256714771521], [-123.109921708507, 49.2477195984651], [-123.123661862007, 49.2477057083522]]], ""type"": ""Polygon""}";49.252210375, -123.116802397
4910E_54560N;https://webtransfer.vancouver.ca/opendata/2013GeoTIFF/4910E_54560N.zip;https://webtransfer.vancouver.ca/opendata/2013LiDAR/COV_4910E_54560N.zip;"{""coordinates"": [[[-123.123684332761, 49.2567008770266], [-123.123706814948, 49.2656961215483], [-123.109961666722, 49.2657100204259], [-123.109941682533, 49.256714771521], [-123.123684332761, 49.2567008770266]]], ""type"": ""Polygon""}";49.2612055839, -123.116823624
4910E_54580N;https://webtransfer.vancouver.ca/opendata/2013GeoTIFF/4910E_54580N.zip;https://webtransfer.vancouver.ca/opendata/2013LiDAR/COV_4910E_54580N.zip;"{""coordinates"": [[[-123.123729308127, 49.2746912620509], [-123.123751812529, 49.2836863884688], [-123.110001664617, 49.2837002961175], [-123.109981660681, 49.2747051653133], [-123.123729308127, 49.2746912620509]]], ""type"": ""Polygon""}";49.2791959143, -123.116866112
4910E_54600N;https://webtransfer.vancouver.ca/opendata/2013GeoTIFF/4910E_54600N.zip;https://webtransfer.vancouver.ca/opendata/2013LiDAR/COV_4910E_54600N.zip;"{""coordinates"": [[[-123.123774328386, 49.2926815907357], [-123.123796855256, 49.3016766889861], [-123.110041702642, 49.3016906054122], [-123.110021678735, 49.2926955027723], [-123.123774328386, 49.2926815907357]]], ""type"": ""Polygon""}";49.2971862334, -123.116908641
4920E_54500N;https://webtransfer.vancouver.ca/opendata/2013GeoTIFF/4920E_54500N.zip;https://webtransfer.vancouver.ca/opendata/2013LiDAR/COV_4920E_54500N.zip;"{""coordinates"": [[[-123.109821987205, 49.2027433420242], [-123.109841911709, 49.2117386754478], [-123.096111609558, 49.2117509160839], [-123.096094175618, 49.2027555788012], [-123.109821987205, 49.2027433420242]]], ""type"": ""Polygon""}";49.2072472641, -123.102967421
4920E_54520N;https://webtransfer.vancouver.ca/opendata/2013GeoTIFF/4920E_54520N.zip;https://webtransfer.vancouver.ca/opendata/2013LiDAR/COV_4920E_54520N.zip;"{""coordinates"": [[[-123.109861845946, 49.2207339048489], [-123.10988179012, 49.2297291201627], [-123.096146503164, 49.2297413685213], [-123.096129052013, 49.2207461493456], [-123.109861845946, 49.2207339048489]]], ""type"": ""Polygon""}";49.2252377718, -123.103004798
4920E_54530N;https://webtransfer.vancouver.ca/opendata/2013GeoTIFF/4920E_54530N.zip;https://webtransfer.vancouver.ca/opendata/2013LiDAR/COV_4920E_54530N.zip;"{""coordinates"": [[[-123.10988179012, 49.2297291201627], [-123.109901744438, 49.2387244113239], [-123.096163963191, 49.2387366635459], [-123.096146503164, 49.2297413685213], [-123.10988179012, 49.2297291201627]]], ""type"": ""Polygon""}";49.234233027, -123.1030235
4920E_54550N;https://webtransfer.vancouver.ca/opendata/2013GeoTIFF/4920E_54550N.zip;https://webtransfer.vancouver.ca/opendata/2013LiDAR/COV_4920E_54550N.zip;"{""coordinates"": [[[-123.109921708507, 49.2477195984651], [-123.109941682533, 49.256714771521], [-123.096198909021, 49.2567270314738], [-123.09618143175, 49.2477318545517], [-123.109921708507, 49.2477195984651]]], ""type"": ""Polygon""}";49.2522234502, -123.103060933
4920E_54570N;https://webtransfer.vancouver.ca/opendata/2013GeoTIFF/4920E_54570N.zip;https://webtransfer.vancouver.ca/opendata/2013LiDAR/COV_4920E_54570N.zip;"{""coordinates"": [[[-123.109961666722, 49.2657100204259], [-123.109981660681, 49.2747051653133], [-123.096233889898, 49.2747174330025], [-123.096216395185, 49.2657222842463], [-123.109961666722, 49.2657100204259]]], ""type"": ""Polygon""}";49.270213862, -123.103098403
4920E_54600N;https://webtransfer.vancouver.ca/opendata/2013GeoTIFF/4920E_54600N.zip;https://webtransfer.vancouver.ca/opendata/2013LiDAR/COV_4920E_54600N.zip;"{""coordinates"": [[[-123.110021678735, 49.2926955027723], [-123.110041702642, 49.3016906054122], [-123.09628642661, 49.3017028847166], [-123.096268905692, 49.2927077782037], [-123.110021678735, 49.2926955027723]]], ""type"": ""Polygon""}";49.2971993292, -123.103154678
4930E_54510N;https://webtransfer.vancouver.ca/opendata/2013GeoTIFF/4930E_54510N.zip;https://webtransfer.vancouver.ca/opendata/2013LiDAR/COV_4930E_54510N.zip;"{""coordinates"": [[[-123.096111609558, 49.2117509160839], [-123.096129052013, 49.2207461493456], [-123.082396362623, 49.2207567611566], [-123.082381411933, 49.2117615245492], [-123.096111609558, 49.2117509160839]]], ""type"": ""Polygon""}";49.2162539738, -123.089254609
4930E_54520N;https://webtransfer.vancouver.ca/opendata/2013GeoTIFF/4930E_54520N.zip;https://webtransfer.vancouver.ca/opendata/2013LiDAR/COV_4930E_54520N.zip;"{""coordinates"": [[[-123.096129052013, 49.2207461493456], [-123.096146503164, 49.2297413685213], [-123.082411320766, 49.2297519836793], [-123.082396362623, 49.2207567611566], [-123.096129052013, 49.2207461493456]]], ""type"": ""Polygon""}";49.2252492017, -123.08927081
4930E_54550N;https://webtransfer.vancouver.ca/opendata/2013GeoTIFF/4930E_54550N.zip;https://webtransfer.vancouver.ca/opendata/2013LiDAR/COV_4930E_54550N.zip;"{""coordinates"": [[[-123.09618143175, 49.2477318545517], [-123.096198909021, 49.2567270314738], [-123.082456240112, 49.25673765668], [-123.08244125958, 49.2477424764074], [-123.09618143175, 49.2477318545517]]], ""type"": ""Polygon""}";49.252234891, -123.08931946
4930E_54560N;https://webtransfer.vancouver.ca/opendata/2013GeoTIFF/4930E_54560N.zip;https://webtransfer.vancouver.ca/opendata/2013LiDAR/COV_4930E_54560N.zip;"{""coordinates"": [[[-123.096198909021, 49.2567270314738], [-123.096216395185, 49.2657222842463], [-123.082471228266, 49.2657329128043], [-123.082456240112, 49.25673765668], [-123.096198909021, 49.2567270314738]]], ""type"": ""Polygon""}";49.2612301075, -123.089335693
4930E_54590N;https://webtransfer.vancouver.ca/opendata/2013GeoTIFF/4930E_54590N.zip;https://webtransfer.vancouver.ca/opendata/2013LiDAR/COV_4930E_54590N.zip;"{""coordinates"": [[[-123.09625139334, 49.2837125676771], [-123.096268905692, 49.2927077782037], [-123.082516237312, 49.2927184168245], [-123.082501226711, 49.2837232029424], [-123.09625139334, 49.2837125676771]]], ""type"": ""Polygon""}";49.2882156278, -123.089384441
4940E_54510N;https://webtransfer.vancouver.ca/opendata/2013GeoTIFF/4940E_54510N.zip;https://webtransfer.vancouver.ca/opendata/2013LiDAR/COV_4940E_54510N.zip;"{""coordinates"": [[[-123.082381411933, 49.2117615245492], [-123.082396362623, 49.2207567611566], [-123.068663665779, 49.2207657403873], [-123.06865120686, 49.2117705009489], [-123.082381411933, 49.2117615245492]]], ""type"": ""Polygon""}";49.2162637678, -123.075523162
4940E_54540N;https://webtransfer.vancouver.ca/opendata/2013GeoTIFF/4940E_54540N.zip;https://webtransfer.vancouver.ca/opendata/2013LiDAR/COV_4940E_54540N.zip;"{""coordinates"": [[[-123.082426286516, 49.2387472820521], [-123.08244125958, 49.2477424764074], [-123.068701079942, 49.2477514641374], [-123.068688602378, 49.238756266948], [-123.082426286516, 49.2387472820521]]], ""type"": ""Polygon""}";49.2432495085, -123.075564307
4940E_54550N;https://webtransfer.vancouver.ca/opendata/2013GeoTIFF/4940E_54550N.zip;https://webtransfer.vancouver.ca/opendata/2013LiDAR/COV_4940E_54550N.zip;"{""coordinates"": [[[-123.08244125958, 49.2477424764074], [-123.082456240112, 49.25673765668], [-123.06871356373, 49.2567466472452], [-123.068701079942, 49.2477514641374], [-123.08244125958, 49.2477424764074]]], ""type"": ""Polygon""}";49.2522446973, -123.075578036
4940E_54560N;https://webtransfer.vancouver.ca/opendata/2013GeoTIFF/4940E_54560N.zip;https://webtransfer.vancouver.ca/opendata/2013LiDAR/COV_4940E_54560N.zip;"{""coordinates"": [[[-123.082456240112, 49.25673765668], [-123.082471228266, 49.2657329128043], [-123.068726053869, 49.2657419062057], [-123.06871356373, 49.2567466472452], [-123.082456240112, 49.25673765668]]], ""type"": ""Polygon""}";49.261239917, -123.075591772
4940E_54570N;https://webtransfer.vancouver.ca/opendata/2013GeoTIFF/4940E_54570N.zip;https://webtransfer.vancouver.ca/opendata/2013LiDAR/COV_4940E_54570N.zip;"{""coordinates"": [[[-123.082471228266, 49.2657329128043], [-123.082486223747, 49.2747280649137], [-123.068738550114, 49.2747370611522], [-123.068726053869, 49.2657419062057], [-123.082471228266, 49.2657329128043]]], ""type"": ""Polygon""}";49.2702351226, -123.075605514
4940E_54590N;https://webtransfer.vancouver.ca/opendata/2013GeoTIFF/4940E_54590N.zip;https://webtransfer.vancouver.ca/opendata/2013LiDAR/COV_4940E_54590N.zip;"{""coordinates"": [[[-123.082501226711, 49.2837232029424], [-123.082516237312, 49.2927184168245], [-123.06876356144, 49.2927274187405], [-123.068751052595, 49.2837322020192], [-123.082501226711, 49.2837232029424]]], ""type"": ""Polygon""}";49.2882254465, -123.07563302
4950E_54510N;https://webtransfer.vancouver.ca/opendata/2013GeoTIFF/4950E_54510N.zip;https://webtransfer.vancouver.ca/opendata/2013LiDAR/COV_4950E_54510N.zip;"{""coordinates"": [[[-123.06865120686, 49.2117705009489], [-123.068663665779, 49.2207657403873], [-123.054930962724, 49.2207730870358], [-123.05492099558, 49.2117778452811], [-123.06865120686, 49.2117705009489]]], ""type"": ""Polygon""}";49.2162719294, -123.061791708
4950E_54530N;https://webtransfer.vancouver.ca/opendata/2013GeoTIFF/4950E_54530N.zip;https://webtransfer.vancouver.ca/opendata/2013LiDAR/COV_4950E_54530N.zip;"{""coordinates"": [[[-123.068676130909, 49.2297609657421], [-123.068688602378, 49.238756266948], [-123.054950912022, 49.2387636182316], [-123.054940934837, 49.2297683147077], [-123.068676130909, 49.2297609657421]]], ""type"": ""Polygon""}";49.2342624275, -123.061814145
4950E_54550N;https://webtransfer.vancouver.ca/opendata/2013GeoTIFF/4950E_54550N.zip;https://webtransfer.vancouver.ca/opendata/2013LiDAR/COV_4950E_54550N.zip;"{""coordinates"": [[[-123.068701079942, 49.2477514641374], [-123.06871356373, 49.2567466472452], [-123.05497088112, 49.2567540031673], [-123.054960894082, 49.2477588177398], [-123.068701079942, 49.2477514641374]]], ""type"": ""Polygon""}";49.2522528693, -123.061836605
4950E_54570N;https://webtransfer.vancouver.ca/opendata/2013GeoTIFF/4950E_54570N.zip;https://webtransfer.vancouver.ca/opendata/2013LiDAR/COV_4950E_54570N.zip;"{""coordinates"": [[[-123.068726053869, 49.2657419062057], [-123.068738550114, 49.2747370611522], [-123.054990870246, 49.2747444217161], [-123.054980873241, 49.2657492644483], [-123.068726053869, 49.2657419062057]]], ""type"": ""Polygon""}";49.2702432997, -123.061859087
4950E_54580N;https://webtransfer.vancouver.ca/opendata/2013GeoTIFF/4950E_54580N.zip;https://webtransfer.vancouver.ca/opendata/2013LiDAR/COV_4950E_54580N.zip;"{""coordinates"": [[[-123.068738550114, 49.2747370611522], [-123.068751052595, 49.2837322020192], [-123.055000872239, 49.2837395649053], [-123.054990870246, 49.2747444217161], [-123.068738550114, 49.2747370611522]]], ""type"": ""Polygon""}";49.2792384488, -123.061870336
4950E_54590N;https://webtransfer.vancouver.ca/opendata/2013GeoTIFF/4950E_54590N.zip;https://webtransfer.vancouver.ca/opendata/2013LiDAR/COV_4950E_54590N.zip;"{""coordinates"": [[[-123.068751052595, 49.2837322020192], [-123.06876356144, 49.2927274187405], [-123.055010879324, 49.2927347839497], [-123.055000872239, 49.2837395649053], [-123.068751052595, 49.2837322020192]]], ""type"": ""Polygon""}";49.2882336288, -123.061881591
4950E_54600N;https://webtransfer.vancouver.ca/opendata/2013GeoTIFF/4950E_54600N.zip;https://webtransfer.vancouver.ca/opendata/2013LiDAR/COV_4950E_54600N.zip;"{""coordinates"": [[[-123.06876356144, 49.2927274187405], [-123.068776076402, 49.3017225314504], [-123.055020891303, 49.3017298989834], [-123.055010879324, 49.2927347839497], [-123.06876356144, 49.2927274187405]]], ""type"": ""Polygon""}";49.2972287947, -123.061892852
4960E_54520N;https://webtransfer.vancouver.ca/opendata/2013GeoTIFF/4960E_54520N.zip;https://webtransfer.vancouver.ca/opendata/2013LiDAR/COV_4960E_54520N.zip;"{""coordinates"": [[[-123.054930962724, 49.2207730870358], [-123.054940934837, 49.2297683147077], [-123.041205733793, 49.2297740305746], [-123.0411982547, 49.2207788011004], [-123.054930962724, 49.2207730870358]]], ""type"": ""Polygon""}";49.2252736944, -123.048068972
4960E_54530N;https://webtransfer.vancouver.ca/opendata/2013GeoTIFF/4960E_54530N.zip;https://webtransfer.vancouver.ca/opendata/2013LiDAR/COV_4960E_54530N.zip;"{""coordinates"": [[[-123.054940934837, 49.2297683147077], [-123.054950912022, 49.2387636182316], [-123.041213216689, 49.2387693359013], [-123.041205733793, 49.2297740305746], [-123.054940934837, 49.2297683147077]]], ""type"": ""Polygon""}";49.234268961, -123.048077699
4960E_54540N;https://webtransfer.vancouver.ca/opendata/2013GeoTIFF/4960E_54540N.zip;https://webtransfer.vancouver.ca/opendata/2013LiDAR/COV_4960E_54540N.zip;"{""coordinates"": [[[-123.054950912022, 49.2387636182316], [-123.054960894082, 49.2477588177398], [-123.041220703242, 49.2477645372131], [-123.041213216689, 49.2387693359013], [-123.054950912022, 49.2387636182316]]], ""type"": ""Polygon""}";49.2432642134, -123.048086432
4960E_54550N;https://webtransfer.vancouver.ca/opendata/2013GeoTIFF/4960E_54550N.zip;https://webtransfer.vancouver.ca/opendata/2013LiDAR/COV_4960E_54550N.zip;"{""coordinates"": [[[-123.054960894082, 49.2477588177398], [-123.05497088112, 49.2567540031673], [-123.041228193529, 49.2567597244447], [-123.041220703242, 49.2477645372131], [-123.054960894082, 49.2477588177398]]], ""type"": ""Polygon""}";49.2522594068, -123.048095168
4960E_54570N;https://webtransfer.vancouver.ca/opendata/2013GeoTIFF/4960E_54570N.zip;https://webtransfer.vancouver.ca/opendata/2013LiDAR/COV_4960E_54570N.zip;"{""coordinates"": [[[-123.054980873241, 49.2657492644483], [-123.054990870246, 49.2747444217161], [-123.041243185389, 49.2747501466039], [-123.041235687627, 49.2657549875306], [-123.054980873241, 49.2657492644483]]], ""type"": ""Polygon""}";49.2702498414, -123.048112654
4960E_54590N;https://webtransfer.vancouver.ca/opendata/2013GeoTIFF/4960E_54590N.zip;https://webtransfer.vancouver.ca/opendata/2013LiDAR/COV_4960E_54590N.zip;"{""coordinates"": [[[-123.055000872239, 49.2837395649053], [-123.055010879324, 49.2927347839497], [-123.041258192214, 49.2927405124504], [-123.041250686892, 49.2837452915992], [-123.055000872239, 49.2837395649053]]], ""type"": ""Polygon""}";49.2882401746, -123.048130158
4970E_54500N;https://webtransfer.vancouver.ca/opendata/2013GeoTIFF/4970E_54500N.zip;https://webtransfer.vancouver.ca/opendata/2013LiDAR/COV_4970E_54500N.zip;"{""coordinates"": [[[-123.041183307619, 49.2027882099702], [-123.041190779335, 49.2117835575441], [-123.027460446147, 49.2117876377636], [-123.027455465015, 49.2027922889034], [-123.041183307619, 49.2027882099702]]], ""type"": ""Polygon""}";49.2072880595, -123.0343225
4970E_54510N;https://webtransfer.vancouver.ca/opendata/2013GeoTIFF/4970E_54510N.zip;https://webtransfer.vancouver.ca/opendata/2013LiDAR/COV_4970E_54510N.zip;"{""coordinates"": [[[-123.041190779335, 49.2117835575441], [-123.0411982547, 49.2207788011004], [-123.027465429712, 49.2207828826068], [-123.027460446147, 49.2117876377636], [-123.041190779335, 49.2117835575441]]], ""type"": ""Polygon""}";49.2162833558, -123.034328727
4970E_54520N;https://webtransfer.vancouver.ca/opendata/2013GeoTIFF/4970E_54520N.zip;https://webtransfer.vancouver.ca/opendata/2013LiDAR/COV_4970E_54520N.zip;"{""coordinates"": [[[-123.0411982547, 49.2207788011004], [-123.041205733793, 49.2297740305746], [-123.027470415761, 49.2297781133683], [-123.027465429712, 49.2207828826068], [-123.0411982547, 49.2207788011004]]], ""type"": ""Polygon""}";49.225278593, -123.034334959
4970E_54580N;https://webtransfer.vancouver.ca/opendata/2013GeoTIFF/4970E_54580N.zip;https://webtransfer.vancouver.ca/opendata/2013LiDAR/COV_4970E_54580N.zip;"{""coordinates"": [[[-123.041243185389, 49.2747501466039], [-123.041250686892, 49.2837452915992], [-123.02750038442, 49.2837493821266], [-123.02749538343, 49.2747542358412], [-123.041243185389, 49.2747501466039]]], ""type"": ""Polygon""}";49.2792499004, -123.03437241
4970E_54590N;https://webtransfer.vancouver.ca/opendata/2013GeoTIFF/4970E_54590N.zip;https://webtransfer.vancouver.ca/opendata/2013LiDAR/COV_4970E_54590N.zip;"{""coordinates"": [[[-123.041250686892, 49.2837452915992], [-123.041258192214, 49.2927405124504], [-123.027505387955, 49.2927446042684], [-123.02750038442, 49.2837493821266], [-123.041250686892, 49.2837452915992]]], ""type"": ""Polygon""}";49.288245084, -123.034378663
4980E_54500N;https://webtransfer.vancouver.ca/opendata/2013GeoTIFF/4980E_54500N.zip;https://webtransfer.vancouver.ca/opendata/2013LiDAR/COV_4980E_54500N.zip;"{""coordinates"": [[[-123.027455465015, 49.2027922889034], [-123.027460446147, 49.2117876377636], [-123.013730223694, 49.2117900858715], [-123.013727733128, 49.2027947362394], [-123.027455465015, 49.2027922889034]]], ""type"": ""Polygon""}";49.2072913232, -123.020593467
4980E_54510N;https://webtransfer.vancouver.ca/opendata/2013GeoTIFF/4980E_54510N.zip;https://webtransfer.vancouver.ca/opendata/2013LiDAR/COV_4980E_54510N.zip;"{""coordinates"": [[[-123.027460446147, 49.2117876377636], [-123.027465429712, 49.2207828826068], [-123.013732715477, 49.2207853314868], [-123.013730223694, 49.2117900858715], [-123.027460446147, 49.2117876377636]]], ""type"": ""Polygon""}";49.2162866205, -123.020597204
4980E_54540N;https://webtransfer.vancouver.ca/opendata/2013GeoTIFF/4980E_54540N.zip;https://webtransfer.vancouver.ca/opendata/2013LiDAR/COV_4980E_54540N.zip;"{""coordinates"": [[[-123.027475404346, 49.2387734199828], [-123.027480395369, 49.2477686225828], [-123.013740198307, 49.2477710737808], [-123.013737702795, 49.2387758704078], [-123.027475404346, 49.2387734199828]]], ""type"": ""Polygon""}";49.2432723828, -123.020608425
4980E_54560N;https://webtransfer.vancouver.ca/opendata/2013GeoTIFF/4980E_54560N.zip;https://webtransfer.vancouver.ca/opendata/2013LiDAR/COV_4980E_54560N.zip;"{""coordinates"": [[[-123.027485388882, 49.2567638111032], [-123.027490384935, 49.2657590754782], [-123.01374519309, 49.2657615282229], [-123.013742695064, 49.2567662630743], [-123.027485388882, 49.2567638111032]]], ""type"": ""Polygon""}";49.2612628057, -123.020615916
4830E_54530N;https://webtransfer.vancouver.ca/opendata/2013GeoTIFF/4830E_54530N.zip;https://webtransfer.vancouver.ca/opendata/2013LiDAR/COV_4830E_54530N.zip;"{""coordinates"": [[[-123.233497983263, 49.2295453967124], [-123.233540385675, 49.238540629924], [-123.21980273876, 49.2385675846008], [-123.219762830554, 49.22957234289], [-123.233497983263, 49.2295453967124]]], ""type"": ""Polygon""}";49.2340566246, -123.226650985
4840E_54520N;https://webtransfer.vancouver.ca/opendata/2013GeoTIFF/4840E_54520N.zip;https://webtransfer.vancouver.ca/opendata/2013LiDAR/COV_4840E_54520N.zip;"{""coordinates"": [[[-123.219722942635, 49.2205771770081], [-123.219762830554, 49.22957234289], [-123.206027771214, 49.229597655783], [-123.205990376224, 49.22060248192], [-123.219722942635, 49.2205771770081]]], ""type"": ""Polygon""}";49.2250875505, -123.21287598
4840E_54540N;https://webtransfer.vancouver.ca/opendata/2013GeoTIFF/4840E_54540N.zip;https://webtransfer.vancouver.ca/opendata/2013LiDAR/COV_4840E_54540N.zip;"{""coordinates"": [[[-123.21980273876, 49.2385675846008], [-123.219842666468, 49.2475627222743], [-123.206102617515, 49.2475880511384], [-123.206065185223, 49.238592905478], [-123.21980273876, 49.2385675846008]]], ""type"": ""Polygon""}";49.243077952, -123.212953302
4840E_54570N;https://webtransfer.vancouver.ca/opendata/2013GeoTIFF/4840E_54570N.zip;https://webtransfer.vancouver.ca/opendata/2013LiDAR/COV_4840E_54570N.zip;"{""coordinates"": [[[-123.219922582038, 49.2655530452456], [-123.219962569525, 49.2745481406116], [-123.206215026828, 49.2745734934538], [-123.206177538493, 49.2655783900922], [-123.219922582038, 49.2655530452456]]], ""type"": ""Polygon""}";49.2700634036, -123.213069429
4850E_54540N;https://webtransfer.vancouver.ca/opendata/2013GeoTIFF/4850E_54540N.zip;https://webtransfer.vancouver.ca/opendata/2013LiDAR/COV_4850E_54540N.zip;"{""coordinates"": [[[-123.206065185223, 49.238592905478], [-123.206102617515, 49.2475880511384], [-123.192362549893, 49.2476117459109], [-123.192327613029, 49.2386165927789], [-123.206065185223, 49.238592905478]]], ""type"": ""Polygon""}";49.24310246, -123.199214492
4850E_54550N;https://webtransfer.vancouver.ca/opendata/2013GeoTIFF/4850E_54550N.zip;https://webtransfer.vancouver.ca/opendata/2013LiDAR/COV_4850E_54550N.zip;"{""coordinates"": [[[-123.206102617515, 49.2475880511384], [-123.206140068476, 49.2565831826985], [-123.192397504182, 49.2566068849455], [-123.192362549893, 49.2476117459109], [-123.206102617515, 49.2475880511384]]], ""type"": ""Polygon""}";49.2520976024, -123.199250685
4860E_54550N;https://webtransfer.vancouver.ca/opendata/2013GeoTIFF/4860E_54550N.zip;https://webtransfer.vancouver.ca/opendata/2013LiDAR/COV_4860E_54550N.zip;"{""coordinates"": [[[-123.192362549893, 49.2476117459109], [-123.192397504182, 49.2566068849455], [-123.178654922452, 49.2566289525802], [-123.178622464847, 49.2476338065868], [-123.192362549893, 49.2476117459109]]], ""type"": ""Polygon""}";49.2521204837, -123.18550936
4860E_54560N;https://webtransfer.vancouver.ca/opendata/2013GeoTIFF/4860E_54560N.zip;https://webtransfer.vancouver.ca/opendata/2013LiDAR/COV_4860E_54560N.zip;"{""coordinates"": [[[-123.192397504182, 49.2566068849455], [-123.192432476256, 49.2656020998163], [-123.178687396572, 49.2656241744125], [-123.178654922452, 49.2566289525802], [-123.192397504182, 49.2566068849455]]], ""type"": ""Polygon""}";49.2611156642, -123.185543075
4860E_54570N;https://webtransfer.vancouver.ca/opendata/2013GeoTIFF/4860E_54570N.zip;https://webtransfer.vancouver.ca/opendata/2013LiDAR/COV_4860E_54570N.zip;"{""coordinates"": [[[-123.192432476256, 49.2656020998163], [-123.192467465427, 49.2745972106577], [-123.178719886568, 49.2746192922178], [-123.178687396572, 49.2656241744125], [-123.192432476256, 49.2656020998163]]], ""type"": ""Polygon""}";49.2701108306, -123.185576806
4870E_54510N;https://webtransfer.vancouver.ca/opendata/2013GeoTIFF/4870E_54510N.zip;https://webtransfer.vancouver.ca/opendata/2013LiDAR/COV_4870E_54510N.zip;"{""coordinates"": [[[-123.178492795798, 49.2116529917223], [-123.178525188745, 49.2206481940999], [-123.164792570162, 49.2206686013577], [-123.164762668934, 49.211673392546], [-123.178492795798, 49.2116529917223]]], ""type"": ""Polygon""}";49.216160931, -123.171643306
4870E_54540N;https://webtransfer.vancouver.ca/opendata/2013GeoTIFF/4870E_54540N.zip;https://webtransfer.vancouver.ca/opendata/2013LiDAR/COV_4870E_54540N.zip;"{""coordinates"": [[[-123.178590023421, 49.2386386464984], [-123.178622464847, 49.2476338065868], [-123.16488236362, 49.2476542331611], [-123.164852417644, 49.2386590666315], [-123.178590023421, 49.2386386464984]]], ""type"": ""Polygon""}";49.2431465744, -123.171736818
4870E_54550N;https://webtransfer.vancouver.ca/opendata/2013GeoTIFF/4870E_54550N.zip;https://webtransfer.vancouver.ca/opendata/2013LiDAR/COV_4870E_54550N.zip;"{""coordinates"": [[[-123.178622464847, 49.2476338065868], [-123.178654922452, 49.2566289525802], [-123.164912324531, 49.2566493855979], [-123.16488236362, 49.2476542331611], [-123.178622464847, 49.2476338065868]]], ""type"": ""Polygon""}";49.2521417307, -123.171768019
4870E_54570N;https://webtransfer.vancouver.ca/opendata/2013GeoTIFF/4870E_54570N.zip;https://webtransfer.vancouver.ca/opendata/2013LiDAR/COV_4870E_54570N.zip;"{""coordinates"": [[[-123.178687396572, 49.2656241744125], [-123.178719886568, 49.2746192922178], [-123.164972291497, 49.2746397381294], [-123.164942300687, 49.265644613876], [-123.178687396572, 49.2656241744125]]], ""type"": ""Polygon""}";49.2701320909, -123.171830469
4880E_54500N;https://webtransfer.vancouver.ca/opendata/2013GeoTIFF/4880E_54500N.zip;https://webtransfer.vancouver.ca/opendata/2013LiDAR/COV_4880E_54500N.zip;"{""coordinates"": [[[-123.164732782305, 49.2026780797045], [-123.164762668934, 49.211673392546], [-123.151032413958, 49.2116921614716], [-123.151005017863, 49.2026968427128], [-123.164732782305, 49.2026780797045]]], ""type"": ""Polygon""}";49.2071852551, -123.157883221
4880E_54510N;https://webtransfer.vancouver.ca/opendata/2013GeoTIFF/4880E_54510N.zip;https://webtransfer.vancouver.ca/opendata/2013LiDAR/COV_4880E_54510N.zip;"{""coordinates"": [[[-123.164762668934, 49.211673392546], [-123.164792570162, 49.2206686013577], [-123.151059823434, 49.2206873762028], [-123.151032413958, 49.2116921614716], [-123.164762668934, 49.211673392546]]], ""type"": ""Polygon""}";49.2161805189, -123.157911869
4880E_54530N;https://webtransfer.vancouver.ca/opendata/2013GeoTIFF/4880E_54530N.zip;https://webtransfer.vancouver.ca/opendata/2013LiDAR/COV_4880E_54530N.zip;"{""coordinates"": [[[-123.164822486295, 49.2296637960748], [-123.164852417644, 49.2386590666315], [-123.151114683663, 49.238677853322], [-123.151087246575, 49.2296825768415], [-123.164822486295, 49.2296637960748]]], ""type"": ""Polygon""}";49.2341709593, -123.157969209
4880E_54540N;https://webtransfer.vancouver.ca/opendata/2013GeoTIFF/4880E_54540N.zip;https://webtransfer.vancouver.ca/opendata/2013LiDAR/COV_4880E_54540N.zip;"{""coordinates"": [[[-123.164852417644, 49.2386590666315], [-123.16488236362, 49.2476542331611], [-123.151142134159, 49.2476730257774], [-123.151114683663, 49.238677853322], [-123.164852417644, 49.2386590666315]]], ""type"": ""Polygon""}";49.2431661809, -123.1579979
4880E_54560N;https://webtransfer.vancouver.ca/opendata/2013GeoTIFF/4880E_54560N.zip;https://webtransfer.vancouver.ca/opendata/2013LiDAR/COV_4880E_54560N.zip;"{""coordinates"": [[[-123.164912324531, 49.2566493855979], [-123.164942300687, 49.265644613876], [-123.151197076507, 49.2656634183506], [-123.151169598346, 49.2566681841423], [-123.164912324531, 49.2566493855979]]], ""type"": ""Polygon""}";49.2611565367, -123.158055325
4880E_54570N;https://webtransfer.vancouver.ca/opendata/2013GeoTIFF/4880E_54570N.zip;https://webtransfer.vancouver.ca/opendata/2013LiDAR/COV_4880E_54570N.zip;"{""coordinates"": [[[-123.164942300687, 49.265644613876], [-123.164972291497, 49.2746397381294], [-123.151224568101, 49.2746585485363], [-123.151197076507, 49.2656634183506], [-123.164942300687, 49.265644613876]]], ""type"": ""Polygon""}";49.270151716, -123.158084059
4880E_54600N;https://webtransfer.vancouver.ca/opendata/2013GeoTIFF/4880E_54600N.zip;https://webtransfer.vancouver.ca/opendata/2013LiDAR/COV_4880E_54600N.zip;"{""coordinates"": [[[-123.165032318921, 49.2926302141636], [-123.165062354653, 49.3016252961467], [-123.15130712605, 49.3016441243636], [-123.151279593277, 49.2926490364418], [-123.165032318921, 49.2926302141636]]], ""type"": ""Polygon""}";49.2971373042, -123.158170348
4880E_54610N;https://webtransfer.vancouver.ca/opendata/2013GeoTIFF/4880E_54610N.zip;https://webtransfer.vancouver.ca/opendata/2013LiDAR/COV_4880E_54610N.zip;"{""coordinates"": [[[-123.165062354052, 49.3016251162812], [-123.165092404777, 49.310620184176], [-123.151334672015, 49.3106390183337], [-123.151307125499, 49.301643944498], [-123.165062354052, 49.3016251162812]]], ""type"": ""Polygon""}";49.3061322023, -123.158199139
4890E_54490N;https://webtransfer.vancouver.ca/opendata/2013GeoTIFF/4890E_54490N.zip;https://webtransfer.vancouver.ca/opendata/2013LiDAR/COV_4890E_54490N.zip;"{""coordinates"": [[[-123.150977635689, 49.1937015997942], [-123.151005017863, 49.2026968427128], [-123.137277352969, 49.2027139740239], [-123.137252460052, 49.1937187257045], [-123.150977635689, 49.1937015997942]]], ""type"": ""Polygon""}";49.1982079215, -123.144128117
4890E_54500N;https://webtransfer.vancouver.ca/opendata/2013GeoTIFF/4890E_54500N.zip;https://webtransfer.vancouver.ca/opendata/2013LiDAR/COV_4890E_54500N.zip;"{""coordinates"": [[[-123.151005017863, 49.2026968427128], [-123.151032413958, 49.2116921614716], [-123.137302258542, 49.2117092981855], [-123.137277352969, 49.2027139740239], [-123.151005017863, 49.2026968427128]]], ""type"": ""Polygon""}";49.2072032051, -123.144154261
4890E_54520N;https://webtransfer.vancouver.ca/opendata/2013GeoTIFF/4890E_54520N.zip;https://webtransfer.vancouver.ca/opendata/2013LiDAR/COV_4890E_54520N.zip;"{""coordinates"": [[[-123.151059823434, 49.2206873762028], [-123.151087246575, 49.2296825768415], [-123.137352106439, 49.2296997243667], [-123.137327176279, 49.2207045183214], [-123.151059823434, 49.2206873762028]]], ""type"": ""Polygon""}";49.225193685, -123.144206588
4900E_54490N;https://webtransfer.vancouver.ca/opendata/2013GeoTIFF/4900E_54490N.zip;https://webtransfer.vancouver.ca/opendata/2013LiDAR/COV_4900E_54490N.zip;"{""coordinates"": [[[-123.137252460052, 49.1937187257045], [-123.137277352969, 49.2027139740239], [-123.12354967567, 49.2027294737955], [-123.123527272018, 49.1937342205897], [-123.137252460052, 49.1937187257045]]], ""type"": ""Polygon""}";49.1982242345, -123.13040169
4900E_54500N;https://webtransfer.vancouver.ca/opendata/2013GeoTIFF/4900E_54500N.zip;https://webtransfer.vancouver.ca/opendata/2013LiDAR/COV_4900E_54500N.zip;"{""coordinates"": [[[-123.137277352969, 49.2027139740239], [-123.137302258542, 49.2117092981855], [-123.123572090712, 49.2117248028454], [-123.12354967567, 49.2027294737955], [-123.137277352969, 49.2027139740239]]], ""type"": ""Polygon""}";49.2072195232, -123.130425345
4900E_54520N;https://webtransfer.vancouver.ca/opendata/2013GeoTIFF/4900E_54520N.zip;https://webtransfer.vancouver.ca/opendata/2013LiDAR/COV_4900E_54520N.zip;"{""coordinates"": [[[-123.137327176279, 49.2207045183214], [-123.137352106439, 49.2296997243667], [-123.123616953873, 49.2297152388083], [-123.123594516702, 49.2207200278713], [-123.137327176279, 49.2207045183214]]], ""type"": ""Polygon""}";49.2252100134, -123.130472688
4900E_54530N;https://webtransfer.vancouver.ca/opendata/2013GeoTIFF/4900E_54530N.zip;https://webtransfer.vancouver.ca/opendata/2013LiDAR/COV_4900E_54530N.zip;"{""coordinates"": [[[-123.137352106439, 49.2296997243667], [-123.137377049278, 49.2386950062559], [-123.123639402455, 49.238710525591], [-123.123616953873, 49.2297152388083], [-123.137352106439, 49.2296997243667]]], ""type"": ""Polygon""}";49.2342052599, -123.130496378
4900E_54560N;https://webtransfer.vancouver.ca/opendata/2013GeoTIFF/4900E_54560N.zip;https://webtransfer.vancouver.ca/opendata/2013LiDAR/COV_4900E_54560N.zip;"{""coordinates"": [[[-123.137426971781, 49.2566853478992], [-123.137451951959, 49.2656805875221], [-123.123706814948, 49.2656961215483], [-123.123684332761, 49.2567008770266], [-123.137426971781, 49.2566853478992]]], ""type"": ""Polygon""}";49.2611908697, -123.130567518
4900E_54580N;https://webtransfer.vancouver.ca/opendata/2013GeoTIFF/4900E_54580N.zip;https://webtransfer.vancouver.ca/opendata/2013LiDAR/COV_4900E_54580N.zip;"{""coordinates"": [[[-123.137476944349, 49.2746757231241], [-123.13750194921, 49.2836708446397], [-123.123751812529, 49.2836863884688], [-123.123729308127, 49.2746912620509], [-123.137476944349, 49.2746757231241]]], ""type"": ""Polygon""}";49.2791811909, -123.130615004
4900E_54590N;https://webtransfer.vancouver.ca/opendata/2013GeoTIFF/4900E_54590N.zip;https://webtransfer.vancouver.ca/opendata/2013LiDAR/COV_4900E_54590N.zip;"{""coordinates"": [[[-123.13750194921, 49.2836708446397], [-123.137526966799, 49.2926660420024], [-123.123774328386, 49.2926815907357], [-123.123751812529, 49.2836863884688], [-123.13750194921, 49.2836708446397]]], ""type"": ""Polygon""}";49.2881763528, -123.130638764
4910E_54510N;https://webtransfer.vancouver.ca/opendata/2013GeoTIFF/4910E_54510N.zip;https://webtransfer.vancouver.ca/opendata/2013LiDAR/COV_4910E_54510N.zip;"{""coordinates"": [[[-123.123572090712, 49.2117248028454], [-123.123594516702, 49.2207200278713], [-123.109861845946, 49.2207339048489], [-123.109841911709, 49.2117386754478], [-123.123572090712, 49.2117248028454]]], ""type"": ""Polygon""}";49.2162294888, -123.116717591
4910E_54520N;https://webtransfer.vancouver.ca/opendata/2013GeoTIFF/4910E_54520N.zip;https://webtransfer.vancouver.ca/opendata/2013LiDAR/COV_4910E_54520N.zip;"{""coordinates"": [[[-123.123594516702, 49.2207200278713], [-123.123616953873, 49.2297152388083], [-123.10988179012, 49.2297291201627], [-123.109861845946, 49.2207339048489], [-123.123594516702, 49.2207200278713]]], ""type"": ""Polygon""}";49.225224709, -123.116738777
4910E_54570N;https://webtransfer.vancouver.ca/opendata/2013GeoTIFF/4910E_54570N.zip;https://webtransfer.vancouver.ca/opendata/2013LiDAR/COV_4910E_54570N.zip;"{""coordinates"": [[[-123.123706814948, 49.2656961215483], [-123.123729308127, 49.2746912620509], [-123.109981660681, 49.2747051653133], [-123.109961666722, 49.2657100204259], [-123.123706814948, 49.2656961215483]]], ""type"": ""Polygon""}";49.2702007786, -123.116844863
4910E_54590N;https://webtransfer.vancouver.ca/opendata/2013GeoTIFF/4910E_54590N.zip;https://webtransfer.vancouver.ca/opendata/2013LiDAR/COV_4910E_54590N.zip;"{""coordinates"": [[[-123.123751812529, 49.2836863884688], [-123.123774328386, 49.2926815907357], [-123.110021678735, 49.2926955027723], [-123.110001664617, 49.2837002961175], [-123.123751812529, 49.2836863884688]]], ""type"": ""Polygon""}";49.2881910809, -123.116887371
4910E_54610N;https://webtransfer.vancouver.ca/opendata/2013GeoTIFF/4910E_54610N.zip;https://webtransfer.vancouver.ca/opendata/2013LiDAR/COV_4910E_54610N.zip;"{""coordinates"": [[[-123.123796855256, 49.3016766889861], [-123.12381939337, 49.3106717731537], [-123.110061736545, 49.3106856939709], [-123.110041702642, 49.3016906054122], [-123.123796855256, 49.3016766889861]]], ""type"": ""Polygon""}";49.3061813268, -123.116929922
4920E_54560N;https://webtransfer.vancouver.ca/opendata/2013GeoTIFF/4920E_54560N.zip;https://webtransfer.vancouver.ca/opendata/2013LiDAR/COV_4920E_54560N.zip;"{""coordinates"": [[[-123.109941682533, 49.256714771521], [-123.109961666722, 49.2657100204259], [-123.096216395185, 49.2657222842463], [-123.096198909021, 49.2567270314738], [-123.109941682533, 49.256714771521]]], ""type"": ""Polygon""}";49.2612186632, -123.103079663
4920E_54590N;https://webtransfer.vancouver.ca/opendata/2013GeoTIFF/4920E_54590N.zip;https://webtransfer.vancouver.ca/opendata/2013LiDAR/COV_4920E_54590N.zip;"{""coordinates"": [[[-123.110001664617, 49.2837002961175], [-123.110021678735, 49.2926955027723], [-123.096268905692, 49.2927077782037], [-123.09625139334, 49.2837125676771], [-123.110001664617, 49.2837002961175]]], ""type"": ""Polygon""}";49.2882041726, -123.103135911
4930E_54570N;https://webtransfer.vancouver.ca/opendata/2013GeoTIFF/4930E_54570N.zip;https://webtransfer.vancouver.ca/opendata/2013LiDAR/COV_4930E_54570N.zip;"{""coordinates"": [[[-123.096216395185, 49.2657222842463], [-123.096233889898, 49.2747174330025], [-123.082486223747, 49.2747280649137], [-123.082471228266, 49.2657329128043], [-123.096216395185, 49.2657222842463]]], ""type"": ""Polygon""}";49.27022531, -123.089351934
4930E_54580N;https://webtransfer.vancouver.ca/opendata/2013GeoTIFF/4930E_54580N.zip;https://webtransfer.vancouver.ca/opendata/2013LiDAR/COV_4930E_54580N.zip;"{""coordinates"": [[[-123.096233889898, 49.2747174330025], [-123.09625139334, 49.2837125676771], [-123.082501226711, 49.2837232029424], [-123.082486223747, 49.2747280649137], [-123.096233889898, 49.2747174330025]]], ""type"": ""Polygon""}";49.2792204535, -123.089368183
4930E_54600N;https://webtransfer.vancouver.ca/opendata/2013GeoTIFF/4930E_54600N.zip;https://webtransfer.vancouver.ca/opendata/2013LiDAR/COV_4930E_54600N.zip;"{""coordinates"": [[[-123.096268905692, 49.2927077782037], [-123.09628642661, 49.3017028847166], [-123.082531255254, 49.3017135266941], [-123.082516237312, 49.2927184168245], [-123.096268905692, 49.2927077782037]]], ""type"": ""Polygon""}";49.297210788, -123.089400706
4940E_54580N;https://webtransfer.vancouver.ca/opendata/2013GeoTIFF/4940E_54580N.zip;https://webtransfer.vancouver.ca/opendata/2013LiDAR/COV_4940E_54580N.zip;"{""coordinates"": [[[-123.082486223747, 49.2747280649137], [-123.082501226711, 49.2837232029424], [-123.068751052595, 49.2837322020192], [-123.068738550114, 49.2747370611522], [-123.082486223747, 49.2747280649137]]], ""type"": ""Polygon""}";49.2792302691, -123.075619263
4940E_54600N;https://webtransfer.vancouver.ca/opendata/2013GeoTIFF/4940E_54600N.zip;https://webtransfer.vancouver.ca/opendata/2013LiDAR/COV_4940E_54600N.zip;"{""coordinates"": [[[-123.082516237312, 49.2927184168245], [-123.082531255254, 49.3017135266941], [-123.068776076402, 49.3017225314504], [-123.06876356144, 49.2927274187405], [-123.082516237312, 49.2927184168245]]], ""type"": ""Polygon""}";49.2972206098, -123.075646783
4950E_54560N;https://webtransfer.vancouver.ca/opendata/2013GeoTIFF/4950E_54560N.zip;https://webtransfer.vancouver.ca/opendata/2013LiDAR/COV_4950E_54560N.zip;"{""coordinates"": [[[-123.06871356373, 49.2567466472452], [-123.068726053869, 49.2657419062057], [-123.054980873241, 49.2657492644483], [-123.05497088112, 49.2567540031673], [-123.06871356373, 49.2567466472452]]], ""type"": ""Polygon""}";49.2612480915, -123.061847843
4960E_54510N;https://webtransfer.vancouver.ca/opendata/2013GeoTIFF/4960E_54510N.zip;https://webtransfer.vancouver.ca/opendata/2013LiDAR/COV_4960E_54510N.zip;"{""coordinates"": [[[-123.05492099558, 49.2117778452811], [-123.054930962724, 49.2207730870358], [-123.0411982547, 49.2207788011004], [-123.041190779335, 49.2117835575441], [-123.05492099558, 49.2117778452811]]], ""type"": ""Polygon""}";49.2162784588, -123.048060248
4960E_54600N;https://webtransfer.vancouver.ca/opendata/2013GeoTIFF/4960E_54600N.zip;https://webtransfer.vancouver.ca/opendata/2013LiDAR/COV_4960E_54600N.zip;"{""coordinates"": [[[-123.055010879324, 49.2927347839497], [-123.055020891303, 49.3017298989834], [-123.041265701206, 49.3017356292916], [-123.041258192214, 49.2927405124504], [-123.055010879324, 49.2927347839497]]], ""type"": ""Polygon""}";49.2972353426, -123.048138916
4970E_54540N;https://webtransfer.vancouver.ca/opendata/2013GeoTIFF/4970E_54540N.zip;https://webtransfer.vancouver.ca/opendata/2013LiDAR/COV_4970E_54540N.zip;"{""coordinates"": [[[-123.041213216689, 49.2387693359013], [-123.041220703242, 49.2477645372131], [-123.027480395369, 49.2477686225828], [-123.027475404346, 49.2387734199828], [-123.041213216689, 49.2387693359013]]], ""type"": ""Polygon""}";49.2432691151, -123.03434743
4970E_54550N;https://webtransfer.vancouver.ca/opendata/2013GeoTIFF/4970E_54550N.zip;https://webtransfer.vancouver.ca/opendata/2013LiDAR/COV_4970E_54550N.zip;"{""coordinates"": [[[-123.041220703242, 49.2477645372131], [-123.041228193529, 49.2567597244447], [-123.027485388882, 49.2567638111032], [-123.027480395369, 49.2477686225828], [-123.041220703242, 49.2477645372131]]], ""type"": ""Polygon""}";49.25226431, -123.03435367
4970E_54600N;https://webtransfer.vancouver.ca/opendata/2013GeoTIFF/4970E_54600N.zip;https://webtransfer.vancouver.ca/opendata/2013LiDAR/COV_4970E_54600N.zip;"{""coordinates"": [[[-123.041258192214, 49.2927405124504], [-123.041265701206, 49.3017356292916], [-123.027510393938, 49.3017397224006], [-123.027505387955, 49.2927446042684], [-123.041258192214, 49.2927405124504]]], ""type"": ""Polygon""}";49.2972402535, -123.034384919
4980E_54520N;https://webtransfer.vancouver.ca/opendata/2013GeoTIFF/4980E_54520N.zip;https://webtransfer.vancouver.ca/opendata/2013LiDAR/COV_4980E_54520N.zip;"{""coordinates"": [[[-123.027465429712, 49.2207828826068], [-123.027470415761, 49.2297781133683], [-123.013735208502, 49.2297805630206], [-123.013732715477, 49.2207853314868], [-123.027465429712, 49.2207828826068]]], ""type"": ""Polygon""}";49.2252818587, -123.020600942
4980E_54550N;https://webtransfer.vancouver.ca/opendata/2013GeoTIFF/4980E_54550N.zip;https://webtransfer.vancouver.ca/opendata/2013LiDAR/COV_4980E_54550N.zip;"{""coordinates"": [[[-123.027480395369, 49.2477686225828], [-123.027485388882, 49.2567638111032], [-123.013742695064, 49.2567662630743], [-123.013740198307, 49.2477710737808], [-123.027480395369, 49.2477686225828]]], ""type"": ""Polygon""}";49.2522675788, -123.020612169
4980E_54570N;https://webtransfer.vancouver.ca/opendata/2013GeoTIFF/4980E_54570N.zip;https://webtransfer.vancouver.ca/opendata/2013LiDAR/COV_4980E_54570N.zip;"{""coordinates"": [[[-123.027490384935, 49.2657590754782], [-123.02749538343, 49.2747542358412], [-123.013747692339, 49.2747566893596], [-123.01374519309, 49.2657615282229], [-123.027490384935, 49.2657590754782]]], ""type"": ""Polygon""}";49.2702580185, -123.020619663
4980E_54580N;https://webtransfer.vancouver.ca/opendata/2013GeoTIFF/4980E_54580N.zip;https://webtransfer.vancouver.ca/opendata/2013LiDAR/COV_4980E_54580N.zip;"{""coordinates"": [[[-123.02749538343, 49.2747542358412], [-123.02750038442, 49.2837493821266], [-123.013750192834, 49.2837518364191], [-123.013747692339, 49.2747566893596], [-123.02749538343, 49.2747542358412]]], ""type"": ""Polygon""}";49.2792531723, -123.020623413
4980E_54590N;https://webtransfer.vancouver.ca/opendata/2013GeoTIFF/4980E_54590N.zip;https://webtransfer.vancouver.ca/opendata/2013LiDAR/COV_4980E_54590N.zip;"{""coordinates"": [[[-123.02750038442, 49.2837493821266], [-123.027505387955, 49.2927446042684], [-123.013752694602, 49.2927470593352], [-123.013750192834, 49.2837518364191], [-123.02750038442, 49.2837493821266]]], ""type"": ""Polygon""}";49.2882483569, -123.020627165
4980E_54600N;https://webtransfer.vancouver.ca/opendata/2013GeoTIFF/4980E_54600N.zip;https://webtransfer.vancouver.ca/opendata/2013LiDAR/COV_4980E_54600N.zip;"{""coordinates"": [[[-123.027505387955, 49.2927446042684], [-123.027510393938, 49.3017397224006], [-123.013755197594, 49.3017421782421], [-123.013752694602, 49.2927470593352], [-123.027505387955, 49.2927446042684]]], ""type"": ""Polygon""}";49.2972435275, -123.020630919
4830E_54570N;https://webtransfer.vancouver.ca/opendata/2013GeoTIFF/4830E_54570N.zip;https://webtransfer.vancouver.ca/opendata/2013LiDAR/COV_4830E_54570N.zip;"{""coordinates"": [[[-123.233667718982, 49.2655260650527], [-123.233710205629, 49.2745211519072], [-123.219962569525, 49.2745481406116], [-123.219922582038, 49.2655530452456], [-123.233667718982, 49.2655260650527]]], ""type"": ""Polygon""}";49.270037237, -123.226815769
4830E_54580N;https://webtransfer.vancouver.ca/opendata/2013GeoTIFF/4830E_54580N.zip;https://webtransfer.vancouver.ca/opendata/2013LiDAR/COV_4830E_54580N.zip;"{""coordinates"": [[[-123.233710205629, 49.2745211519072], [-123.233752713475, 49.2835162246576], [-123.220002576964, 49.2835432218765], [-123.219962569525, 49.2745481406116], [-123.233710205629, 49.2745211519072]]], ""type"": ""Polygon""}";49.2790323211, -123.226857017
4850E_54510N;https://webtransfer.vancouver.ca/opendata/2013GeoTIFF/4850E_54510N.zip;https://webtransfer.vancouver.ca/opendata/2013LiDAR/COV_4850E_54510N.zip;"{""coordinates"": [[[-123.205952999867, 49.2116072939548], [-123.205990376224, 49.22060248192], [-123.19225779118, 49.2206261542857], [-123.192222906522, 49.2116309588569], [-123.205952999867, 49.2116072939548]]], ""type"": ""Polygon""}";49.2161168583, -123.199106019
4860E_54530N;https://webtransfer.vancouver.ca/opendata/2013GeoTIFF/4860E_54530N.zip;https://webtransfer.vancouver.ca/opendata/2013LiDAR/COV_4860E_54530N.zip;"{""coordinates"": [[[-123.192292693229, 49.2296213356149], [-123.192327613029, 49.2386165927789], [-123.178590023421, 49.2386386464984], [-123.178557597842, 49.2296433823805], [-123.192292693229, 49.2296213356149]]], ""type"": ""Polygon""}";49.2341301254, -123.185441982
4860E_54540N;https://webtransfer.vancouver.ca/opendata/2013GeoTIFF/4860E_54540N.zip;https://webtransfer.vancouver.ca/opendata/2013LiDAR/COV_4860E_54540N.zip;"{""coordinates"": [[[-123.192327613029, 49.2386165927789], [-123.192362549893, 49.2476117459109], [-123.178622464847, 49.2476338065868], [-123.178590023421, 49.2386386464984], [-123.192327613029, 49.2386165927789]]], ""type"": ""Polygon""}";49.2431253341, -123.185475663
4890E_54530N;https://webtransfer.vancouver.ca/opendata/2013GeoTIFF/4890E_54530N.zip;https://webtransfer.vancouver.ca/opendata/2013LiDAR/COV_4890E_54530N.zip;"{""coordinates"": [[[-123.151087246575, 49.2296825768415], [-123.151114683663, 49.238677853322], [-123.137377049278, 49.2386950062559], [-123.137352106439, 49.2296997243667], [-123.151087246575, 49.2296825768415]]], ""type"": ""Polygon""}";49.2341889263, -123.144232772
4890E_54540N;https://webtransfer.vancouver.ca/opendata/2013GeoTIFF/4890E_54540N.zip;https://webtransfer.vancouver.ca/opendata/2013LiDAR/COV_4890E_54540N.zip;"{""coordinates"": [[[-123.151114683663, 49.238677853322], [-123.151142134159, 49.2476730257774], [-123.137402004306, 49.2476901841218], [-123.137377049278, 49.2386950062559], [-123.151114683663, 49.238677853322]]], ""type"": ""Polygon""}";49.2431841535, -123.144258968
4890E_54570N;https://webtransfer.vancouver.ca/opendata/2013GeoTIFF/4890E_54570N.zip;https://webtransfer.vancouver.ca/opendata/2013LiDAR/COV_4890E_54570N.zip;"{""coordinates"": [[[-123.151197076507, 49.2656634183506], [-123.151224568101, 49.2746585485363], [-123.137476944349, 49.2746757231241], [-123.137451951959, 49.2656805875221], [-123.151197076507, 49.2656634183506]]], ""type"": ""Polygon""}";49.2701697057, -123.144337635
4890E_54600N;https://webtransfer.vancouver.ca/opendata/2013GeoTIFF/4890E_54600N.zip;https://webtransfer.vancouver.ca/opendata/2013LiDAR/COV_4890E_54600N.zip;"{""coordinates"": [[[-123.151279592726, 49.2926488565758], [-123.151307125499, 49.301643944498], [-123.137551996625, 49.3016611353468], [-123.137526966799, 49.2926660420024], [-123.151279592726, 49.2926488565758]]], ""type"": ""Polygon""}";49.297155131, -123.144416421
4890E_54610N;https://webtransfer.vancouver.ca/opendata/2013GeoTIFF/4890E_54610N.zip;https://webtransfer.vancouver.ca/opendata/2013LiDAR/COV_4890E_54610N.zip;"{""coordinates"": [[[-123.151307125499, 49.301643944498], [-123.151334672015, 49.3106390183337], [-123.137577038944, 49.3106562146068], [-123.137551996625, 49.3016611353468], [-123.151307125499, 49.301643944498]]], ""type"": ""Polygon""}";49.3061502147, -123.144442708
4890E_54620N;https://webtransfer.vancouver.ca/opendata/2013GeoTIFF/4890E_54620N.zip;https://webtransfer.vancouver.ca/opendata/2013LiDAR/COV_4890E_54620N.zip;"{""coordinates"": [[[-123.151334672015, 49.3106390183337], [-123.15136223256, 49.3196341680162], [-123.137602094017, 49.3196513697156], [-123.137577038944, 49.3106562146068], [-123.151334672015, 49.3106390183337]]], ""type"": ""Polygon""}";49.3151453292, -123.144469009
4900E_54570N;https://webtransfer.vancouver.ca/opendata/2013GeoTIFF/4900E_54570N.zip;https://webtransfer.vancouver.ca/opendata/2013LiDAR/COV_4900E_54570N.zip;"{""coordinates"": [[[-123.137451951959, 49.2656805875221], [-123.137476944349, 49.2746757231241], [-123.123729308127, 49.2746912620509], [-123.123706814948, 49.2656961215483], [-123.137451951959, 49.2656805875221]]], ""type"": ""Polygon""}";49.2701860598, -123.130591255
4900E_54600N;https://webtransfer.vancouver.ca/opendata/2013GeoTIFF/4900E_54600N.zip;https://webtransfer.vancouver.ca/opendata/2013LiDAR/COV_4900E_54600N.zip;"{""coordinates"": [[[-123.137526966799, 49.2926660420024], [-123.137551996625, 49.3016611353468], [-123.123796855256, 49.3016766889861], [-123.123774328386, 49.2926815907357], [-123.137526966799, 49.2926660420024]]], ""type"": ""Polygon""}";49.2971715007, -123.130662537
4900E_54610N;https://webtransfer.vancouver.ca/opendata/2013GeoTIFF/4900E_54610N.zip;https://webtransfer.vancouver.ca/opendata/2013LiDAR/COV_4900E_54610N.zip;"{""coordinates"": [[[-123.137551996625, 49.3016611353468], [-123.137577038944, 49.3106562146068], [-123.12381939337, 49.3106717731537], [-123.123796855256, 49.3016766889861], [-123.137551996625, 49.3016611353468]]], ""type"": ""Polygon""}";49.3061665895, -123.130686321
4900E_54620N;https://webtransfer.vancouver.ca/opendata/2013GeoTIFF/4900E_54620N.zip;https://webtransfer.vancouver.ca/opendata/2013LiDAR/COV_4900E_54620N.zip;"{""coordinates"": [[[-123.137577038944, 49.3106562146068], [-123.137602094017, 49.3196513697156], [-123.123841942963, 49.319666933172], [-123.12381939337, 49.3106717731537], [-123.137577038944, 49.3106562146068]]], ""type"": ""Polygon""}";49.3151617092, -123.130710117
4910E_54500N;https://webtransfer.vancouver.ca/opendata/2013GeoTIFF/4910E_54500N.zip;https://webtransfer.vancouver.ca/opendata/2013LiDAR/COV_4910E_54500N.zip;"{""coordinates"": [[[-123.12354967567, 49.2027294737955], [-123.123572090712, 49.2117248028454], [-123.109841911709, 49.2117386754478], [-123.109821987205, 49.2027433420242], [-123.12354967567, 49.2027294737955]]], ""type"": ""Polygon""}";49.2072342095, -123.116696416
4920E_54510N;https://webtransfer.vancouver.ca/opendata/2013GeoTIFF/4920E_54510N.zip;https://webtransfer.vancouver.ca/opendata/2013LiDAR/COV_4920E_54510N.zip;"{""coordinates"": [[[-123.109841911709, 49.2117386754478], [-123.109861845946, 49.2207339048489], [-123.096129052013, 49.2207461493456], [-123.096111609558, 49.2117509160839], [-123.109841911709, 49.2117386754478]]], ""type"": ""Polygon""}";49.2162425475, -123.102986105
4920E_54540N;https://webtransfer.vancouver.ca/opendata/2013GeoTIFF/4920E_54540N.zip;https://webtransfer.vancouver.ca/opendata/2013LiDAR/COV_4920E_54540N.zip;"{""coordinates"": [[[-123.109901744438, 49.2387244113239], [-123.109921708507, 49.2477195984651], [-123.09618143175, 49.2477318545517], [-123.096163963191, 49.2387366635459], [-123.109901744438, 49.2387244113239]]], ""type"": ""Polygon""}";49.2432282681, -123.103042212
4920E_54580N;https://webtransfer.vancouver.ca/opendata/2013GeoTIFF/4920E_54580N.zip;https://webtransfer.vancouver.ca/opendata/2013LiDAR/COV_4920E_54580N.zip;"{""coordinates"": [[[-123.109981660681, 49.2747051653133], [-123.110001664617, 49.2837002961175], [-123.09625139334, 49.2837125676771], [-123.096233889898, 49.2747174330025], [-123.109981660681, 49.2747051653133]]], ""type"": ""Polygon""}";49.2792090019, -123.103117152
4930E_54530N;https://webtransfer.vancouver.ca/opendata/2013GeoTIFF/4930E_54530N.zip;https://webtransfer.vancouver.ca/opendata/2013LiDAR/COV_4930E_54530N.zip;"{""coordinates"": [[[-123.096146503164, 49.2297413685213], [-123.096163963191, 49.2387366635459], [-123.082426286516, 49.2387472820521], [-123.082411320766, 49.2297519836793], [-123.096146503164, 49.2297413685213]]], ""type"": ""Polygon""}";49.2342444606, -123.089287018
4970E_54530N;https://webtransfer.vancouver.ca/opendata/2013GeoTIFF/4970E_54530N.zip;https://webtransfer.vancouver.ca/opendata/2013LiDAR/COV_4970E_54530N.zip;"{""coordinates"": [[[-123.041205733793, 49.2297740305746], [-123.041213216689, 49.2387693359013], [-123.027475404346, 49.2387734199828], [-123.027470415761, 49.2297781133683], [-123.041205733793, 49.2297740305746]]], ""type"": ""Polygon""}";49.2342738611, -123.034341193
4980E_54490N;https://webtransfer.vancouver.ca/opendata/2013GeoTIFF/4980E_54490N.zip;https://webtransfer.vancouver.ca/opendata/2013LiDAR/COV_4980E_54490N.zip;"{""coordinates"": [[[-123.027450486415, 49.1937970158946], [-123.027455465015, 49.2027922889034], [-123.013727733128, 49.2027947362394], [-123.013725243827, 49.1937994624591], [-123.027450486415, 49.1937970158946]]], ""type"": ""Polygon""}";49.1982960118, -123.020589732
4980E_54530N;https://webtransfer.vancouver.ca/opendata/2013GeoTIFF/4980E_54530N.zip;https://webtransfer.vancouver.ca/opendata/2013LiDAR/COV_4980E_54530N.zip;"{""coordinates"": [[[-123.027470415761, 49.2297781133683], [-123.027475404346, 49.2387734199828], [-123.013737702795, 49.2387758704078], [-123.013735208502, 49.2297805630206], [-123.027470415761, 49.2297781133683]]], ""type"": ""Polygon""}";49.2342771278, -123.020604683
4850E_54520N;https://webtransfer.vancouver.ca/opendata/2013GeoTIFF/4850E_54520N.zip;https://webtransfer.vancouver.ca/opendata/2013LiDAR/COV_4850E_54520N.zip;"{""coordinates"": [[[-123.205990376224, 49.22060248192], [-123.206027771214, 49.229597655783], [-123.192292693229, 49.2296213356149], [-123.19225779118, 49.2206261542857], [-123.205990376224, 49.22060248192]]], ""type"": ""Polygon""}";49.225112043, -123.199142158
4850E_54570N;https://webtransfer.vancouver.ca/opendata/2013GeoTIFF/4850E_54570N.zip;https://webtransfer.vancouver.ca/opendata/2013LiDAR/COV_4850E_54570N.zip;"{""coordinates"": [[[-123.206177538493, 49.2655783900922], [-123.206215026828, 49.2745734934538], [-123.192467465427, 49.2745972106577], [-123.192432476256, 49.2656020998163], [-123.206177538493, 49.2655783900922]]], ""type"": ""Polygon""}";49.2700879348, -123.199323127
4860E_54510N;https://webtransfer.vancouver.ca/opendata/2013GeoTIFF/4860E_54510N.zip;https://webtransfer.vancouver.ca/opendata/2013LiDAR/COV_4860E_54510N.zip;"{""coordinates"": [[[-123.192222906522, 49.2116309588569], [-123.19225779118, 49.2206261542857], [-123.178525188745, 49.2206481940999], [-123.178492795798, 49.2116529917223], [-123.192222906522, 49.2116309588569]]], ""type"": ""Polygon""}";49.2161397108, -123.185374671
4860E_54580N;https://webtransfer.vancouver.ca/opendata/2013GeoTIFF/4860E_54580N.zip;https://webtransfer.vancouver.ca/opendata/2013LiDAR/COV_4860E_54580N.zip;"{""coordinates"": [[[-123.192467465427, 49.2745972106577], [-123.192502472057, 49.2835923074035], [-123.178752392775, 49.2836143959301], [-123.178719886568, 49.2746192922178], [-123.192467465427, 49.2745972106577]]], ""type"": ""Polygon""}";49.2791059379, -123.185610554
4880E_54550N;https://webtransfer.vancouver.ca/opendata/2013GeoTIFF/4880E_54550N.zip;https://webtransfer.vancouver.ca/opendata/2013LiDAR/COV_4880E_54550N.zip;"{""coordinates"": [[[-123.16488236362, 49.2476542331611], [-123.164912324531, 49.2566493855979], [-123.151169598346, 49.2566681841423], [-123.151142134159, 49.2476730257774], [-123.16488236362, 49.2476542331611]]], ""type"": ""Polygon""}";49.2521613434, -123.158026605
4880E_54590N;https://webtransfer.vancouver.ca/opendata/2013GeoTIFF/4880E_54590N.zip;https://webtransfer.vancouver.ca/opendata/2013LiDAR/COV_4880E_54590N.zip;"{""coordinates"": [[[-123.165002297272, 49.2836348482921], [-123.165032318921, 49.2926302141636], [-123.151279593277, 49.2926490364418], [-123.151252073413, 49.2836536646335], [-123.165002297272, 49.2836348482921]]], ""type"": ""Polygon""}";49.2881420773, -123.158141571
4890E_54590N;https://webtransfer.vancouver.ca/opendata/2013GeoTIFF/4890E_54590N.zip;https://webtransfer.vancouver.ca/opendata/2013LiDAR/COV_4890E_54590N.zip;"{""coordinates"": [[[-123.151252073413, 49.2836536646335], [-123.151279592726, 49.2926488565758], [-123.137526966799, 49.2926660420024], [-123.13750194921, 49.2836708446397], [-123.151252073413, 49.2836536646335]]], ""type"": ""Polygon""}";49.2881599883, -123.144390146
4900E_54540N;https://webtransfer.vancouver.ca/opendata/2013GeoTIFF/4900E_54540N.zip;https://webtransfer.vancouver.ca/opendata/2013LiDAR/COV_4900E_54540N.zip;"{""coordinates"": [[[-123.137377049278, 49.2386950062559], [-123.137402004306, 49.2476901841218], [-123.123661862007, 49.2477057083522], [-123.123639402455, 49.238710525591], [-123.137377049278, 49.2386950062559]]], ""type"": ""Polygon""}";49.2432004922, -123.13052008
4920E_54610N;https://webtransfer.vancouver.ca/opendata/2013GeoTIFF/4920E_54610N.zip;https://webtransfer.vancouver.ca/opendata/2013LiDAR/COV_4920E_54610N.zip;"{""coordinates"": [[[-123.110041702642, 49.3016906054122], [-123.110061736545, 49.3106856939709], [-123.096303956273, 49.3106979771498], [-123.09628642661, 49.3017028847166], [-123.110041702642, 49.3016906054122]]], ""type"": ""Polygon""}";49.3061944268, -123.103173456
4930E_54500N;https://webtransfer.vancouver.ca/opendata/2013GeoTIFF/4930E_54500N.zip;https://webtransfer.vancouver.ca/opendata/2013LiDAR/COV_4930E_54500N.zip;"{""coordinates"": [[[-123.096094175618, 49.2027555788012], [-123.096111609558, 49.2117509160839], [-123.082381411933, 49.2117615245492], [-123.082366468543, 49.2027661839218], [-123.096094175618, 49.2027555788012]]], ""type"": ""Polygon""}";49.2072586868, -123.089238416
4930E_54540N;https://webtransfer.vancouver.ca/opendata/2013GeoTIFF/4930E_54540N.zip;https://webtransfer.vancouver.ca/opendata/2013LiDAR/COV_4930E_54540N.zip;"{""coordinates"": [[[-123.096163963191, 49.2387366635459], [-123.09618143175, 49.2477318545517], [-123.08244125958, 49.2477424764074], [-123.082426286516, 49.2387472820521], [-123.096163963191, 49.2387366635459]]], ""type"": ""Polygon""}";49.2432397053, -123.089303235
4940E_54500N;https://webtransfer.vancouver.ca/opendata/2013GeoTIFF/4940E_54500N.zip;https://webtransfer.vancouver.ca/opendata/2013LiDAR/COV_4940E_54500N.zip;"{""coordinates"": [[[-123.082366468543, 49.2027661839218], [-123.082381411933, 49.2117615245492], [-123.06865120686, 49.2117705009489], [-123.068638754024, 49.2027751574915], [-123.082366468543, 49.2027661839218]]], ""type"": ""Polygon""}";49.2072684777, -123.07550946
4940E_54520N;https://webtransfer.vancouver.ca/opendata/2013GeoTIFF/4940E_54520N.zip;https://webtransfer.vancouver.ca/opendata/2013LiDAR/COV_4940E_54520N.zip;"{""coordinates"": [[[-123.082396362623, 49.2207567611566], [-123.082411320766, 49.2297519836793], [-123.068676130909, 49.2297609657421], [-123.068663665779, 49.2207657403873], [-123.082396362623, 49.2207567611566]]], ""type"": ""Polygon""}";49.2252589988, -123.07553687
4940E_54530N;https://webtransfer.vancouver.ca/opendata/2013GeoTIFF/4940E_54530N.zip;https://webtransfer.vancouver.ca/opendata/2013LiDAR/COV_4940E_54530N.zip;"{""coordinates"": [[[-123.082411320766, 49.2297519836793], [-123.082426286516, 49.2387472820521], [-123.068688602378, 49.238756266948], [-123.068676130909, 49.2297609657421], [-123.082411320766, 49.2297519836793]]], ""type"": ""Polygon""}";49.2342542607, -123.075550585
4950E_54500N;https://webtransfer.vancouver.ca/opendata/2013GeoTIFF/4950E_54500N.zip;https://webtransfer.vancouver.ca/opendata/2013LiDAR/COV_4950E_54500N.zip;"{""coordinates"": [[[-123.068638754024, 49.2027751574915], [-123.06865120686, 49.2117705009489], [-123.05492099558, 49.2117778452811], [-123.054911033303, 49.2027824995081], [-123.068638754024, 49.2027751574915]]], ""type"": ""Polygon""}";49.2072766368, -123.061780497
4950E_54520N;https://webtransfer.vancouver.ca/opendata/2013GeoTIFF/4950E_54520N.zip;https://webtransfer.vancouver.ca/opendata/2013LiDAR/COV_4950E_54520N.zip;"{""coordinates"": [[[-123.068663665779, 49.2207657403873], [-123.068676130909, 49.2297609657421], [-123.054940934837, 49.2297683147077], [-123.054930962724, 49.2207730870358], [-123.068663665779, 49.2207657403873]]], ""type"": ""Polygon""}";49.225267163, -123.061802924
4950E_54540N;https://webtransfer.vancouver.ca/opendata/2013GeoTIFF/4950E_54540N.zip;https://webtransfer.vancouver.ca/opendata/2013LiDAR/COV_4950E_54540N.zip;"{""coordinates"": [[[-123.068688602378, 49.238756266948], [-123.068701079942, 49.2477514641374], [-123.054960894082, 49.2477588177398], [-123.054950912022, 49.2387636182316], [-123.068688602378, 49.238756266948]]], ""type"": ""Polygon""}";49.2432576779, -123.061825372
4960E_54500N;https://webtransfer.vancouver.ca/opendata/2013GeoTIFF/4960E_54500N.zip;https://webtransfer.vancouver.ca/opendata/2013LiDAR/COV_4960E_54500N.zip;"{""coordinates"": [[[-123.054911033303, 49.2027824995081], [-123.05492099558, 49.2117778452811], [-123.041190779335, 49.2117835575441], [-123.041183307619, 49.2027882099702], [-123.054911033303, 49.2027824995081]]], ""type"": ""Polygon""}";49.2072831641, -123.048051529
4960E_54560N;https://webtransfer.vancouver.ca/opendata/2013GeoTIFF/4960E_54560N.zip;https://webtransfer.vancouver.ca/opendata/2013LiDAR/COV_4960E_54560N.zip;"{""coordinates"": [[[-123.05497088112, 49.2567540031673], [-123.054980873241, 49.2657492644483], [-123.041235687627, 49.2657549875306], [-123.041228193529, 49.2567597244447], [-123.05497088112, 49.2567540031673]]], ""type"": ""Polygon""}";49.2612546311, -123.048103909
4960E_54580N;https://webtransfer.vancouver.ca/opendata/2013GeoTIFF/4960E_54580N.zip;https://webtransfer.vancouver.ca/opendata/2013LiDAR/COV_4960E_54580N.zip;"{""coordinates"": [[[-123.054990870246, 49.2747444217161], [-123.055000872239, 49.2837395649053], [-123.041250686892, 49.2837452915992], [-123.041243185389, 49.2747501466039], [-123.054990870246, 49.2747444217161]]], ""type"": ""Polygon""}";49.2792449925, -123.048121404
4970E_54490N;https://webtransfer.vancouver.ca/opendata/2013GeoTIFF/4970E_54490N.zip;https://webtransfer.vancouver.ca/opendata/2013LiDAR/COV_4970E_54490N.zip;"{""coordinates"": [[[-123.041175839699, 49.1937929382474], [-123.041183307619, 49.2027882099702], [-123.027455465015, 49.2027922889034], [-123.027450486415, 49.1937970158946], [-123.041175839699, 49.1937929382474]]], ""type"": ""Polygon""}";49.1982927492, -123.034316275
4970E_54560N;https://webtransfer.vancouver.ca/opendata/2013GeoTIFF/4970E_54560N.zip;https://webtransfer.vancouver.ca/opendata/2013LiDAR/COV_4970E_54560N.zip;"{""coordinates"": [[[-123.041228193529, 49.2567597244447], [-123.041235687627, 49.2657549875306], [-123.027490384935, 49.2657590754782], [-123.027485388882, 49.2567638111032], [-123.041228193529, 49.2567597244447]]], ""type"": ""Polygon""}";49.2612595359, -123.034359914
4970E_54570N;https://webtransfer.vancouver.ca/opendata/2013GeoTIFF/4970E_54570N.zip;https://webtransfer.vancouver.ca/opendata/2013LiDAR/COV_4970E_54570N.zip;"{""coordinates"": [[[-123.041235687627, 49.2657549875306], [-123.041243185389, 49.2747501466039], [-123.02749538343, 49.2747542358412], [-123.027490384935, 49.2657590754782], [-123.041235687627, 49.2657549875306]]], ""type"": ""Polygon""}";49.2702547476, -123.03436616
